{
  "Apps": [
    {
      "Name": "X",
      "Group": "Test",
      "IconPath": "",
      "ExecutablePath": "",
      "ShowInLibrary": "True",
      "ShowOnHome": "True"
    },
    {
      "Name": "Web Browser",
      "Group": "",
      "IconPath": "",
      "ExecutablePath": "",
      "ShowInLibrary": "True",
      "ShowOnHome": "True"
    },
    {
      "Name": "Gallery",
      "Group": "",
      "IconPath": "",
      "ExecutablePath": "",
      "ShowInLibrary": "True",
      "ShowOnHome": "True"
    },
    {
      "Name": "Library",
      "Group": "",
      "IconPath": "",
      "ExecutablePath": "",
      "ShowInLibrary": "True",
      "ShowOnHome": "True"
    },
    {
      "Name": "File Browser",
      "Group": "",
      "IconPath": "",
      "ExecutablePath": "",
      "ShowInLibrary": "True",
      "ShowOnHome": "True"
    },
    {
      "Name": "Settings",
      "Group": "",
      "IconPath": "",
      "ExecutablePath": "",
      "ShowInLibrary": "True",
      "ShowOnHome": "True"
    },
    {
      "Name": "OrbisPro Update",
      "Group": "",
      "IconPath": "",
      "ExecutablePath": "",
      "ShowInLibrary": "True",
      "ShowOnHome": "True"
    }
  ]
}